topic_index	terms
0	舆情丶电子丶研判丶政法丶研究院丶引导丶房产丶报告丶痛点丶市委丶优质丶精准化丶权威性丶领导丶年来丶网站丶党报丶可视化丶受众丶安全丶智媒丶工业丶定制化丶文创丶app丶下滑丶ip丶创刊丶移动端丶生命力
1	数据丶旅游丶小程序丶电子丶公众丶销售丶发行丶乡村丶智能丶数据库丶连接丶应用丶驱动丶会展丶区域丶地产丶城市丶智慧丶机制丶生态丶研发丶房产丶成本丶金融丶采集丶协同丶流量丶政务丶营收丶数字
2	付费丶会员丶收费丶知识丶增长丶原创丶生产流程丶工程丶上线丶规模丶创刊丶电子丶免费丶升级丶流量丶消费丶挖掘丶制度丶特色丶出版丶文章丶场景丶销售丶数据丶打卡丶自主研发丶读者丶费用丶直播丶应用
3	流量丶社群丶文产丶变现丶文化产业丶公益丶转化丶成本丶场景丶赋能丶效应丶城市丶跨界丶免费丶连接丶演出丶招商丶体验丶形象丶移动互联丶观众丶粉丝丶交互丶电影丶儿童丶重构丶消费丶最大化丶盈利丶小记者
4	创业丶双创丶资金丶广播丶健康丶手机丶市政府丶市委丶高校丶电视丶广大丶市民丶赞助丶招商丶补贴丶短视频丶成本丶路演丶创新大赛丶关注度丶电视台丶h5丶影响丶评审丶效应丶抖音丶小组丶全方位丶图文丶职能
5	十九大丶赋能丶峰会丶摄影丶协会丶国际丶精神丶采风丶评选丶跨界丶政治丶展会丶首届丶冠名丶公信力丶驱动丶新时代丶电影丶转化丶招商丶变现丶赞助丶应用丶报告丶场景丶党报丶艺术丶调研丶生态丶思想
6	舆情丶教育丶融媒体丶数据丶乡村振兴丶销售丶监测丶网站丶舆论丶引导丶科学丶旅游丶创业丶现代化丶智库丶电商丶体系丶版权丶高校丶基地丶公信力丶报告丶契机丶园区丶治理丶智慧丶高质量丶应用丶政务丶研发
7	电商丶资讯丶会员丶融媒体丶社区丶政法丶软件丶app丶体验丶群体丶区域丶科技丶物流丶研发丶城市丶视频丶连接丶应用丶读者丶公益丶生态丶评选丶版权丶直播丶会展丶上线丶网站丶商城丶消费丶移动互联
8	空间丶创意丶城市丶质量丶文创丶政务丶市民丶艺术丶政法丶党建丶人才丶工程丶文化产业丶矩阵丶升级丶ip丶落地丶特色丶产业园丶优质丶演出丶消费丶创业丶投资丶文学丶园区丶教育丶历史丶科创丶区域
9	教育丶创业丶学生丶基地丶园区丶乡村振兴丶小记者丶电商丶融媒体丶变现丶服务平台丶农业丶农村丶资本丶交流丶青少年丶商务丶农产品丶学院丶版权丶体验丶销售丶结构丶ip丶课程丶创意丶记者丶盈利丶群体丶增长
10	品质丶历史丶文化产业丶高质量丶协会丶收益丶人才丶产业化丶高端丶精品丶新时代丶知名度丶交易丶农业丶文产丶布局丶中央丶资金丶舞台丶现代丶增长点丶成本丶论坛丶科学丶商务丶价格丶投入丶流通丶农村丶评选
11	舆情丶智库丶报告丶研究院丶政务丶数据丶党建丶舆论丶监测丶研判丶引导丶课题丶决策丶调研丶治理丶科学丶领导丶应用丶研发丶市委丶智慧丶特色丶现代化丶地方丶教学丶体系丶社会治理丶论坛丶形态丶城市
